id,name,slug
27,Royal Canin Babydog Milk for Puppies,royal-canin-baby-dog-milk-junior-milk-dog-food
28,Royal Canin Mini Adult Dog Food,royal-canin-mini-adult-dry-dog-food
29,Royal Canin Mini Ageing 12+ Adult Dog Food,royal-canin-mini-ageing-adult-dry-dog-food
30,Royal Canin Mini Exigent Adult Dog Food,royal-canin-mini-exigent-adult-dry-dog-food
31,Royal Canin Mini Puppy Food,royal-canin-mini-junior-puppy-dry-dog-food
32,Royal Canin Mini Light Weight Care Dog Food,royal-canin-mini-light-adult-dry-dog-food
33,Royal Canin Mini Digestive Care Adult Dog Food,royal-canin-mini-digestive-care-adult-dry-dog-food
34,Royal Canin Mini Mother and Babydog Starter Dog Food,royal-canin-mother-babydog-starter-mini-dry-dog-food
35,Royal Canin Mini 8+ Adult Dog Food,royal-canin-mini-8-adult-dry-dog-food
36,Royal Canin Giant Adult Dog Food,royal-canin-giant-adult-dry-dog-food
37,Royal Canin Giant Junior Food,royal-canin-giant-junior-puppy-dry-dog-food
38,Royal Canin Giant Puppy Food,royal-canin-giant-puppy-dry-dog-food
39,Royal Canin Giant Mother and Babydog Starter Dog Food,royal-canin-mother-babydog-starter-giant-dry-dog-food
40,Royal Canin Maxi 5+ Adult Dog Food,royal-canin-maxi-5-adult-dry-dog-food
41,Royal Canin Maxi Adult Dog Food,royal-canin-maxi-adult-dry-dog-food
42,Royal Canin Maxi Puppy Food,royal-canin-maxi-junior-puppy-dry-dog-food
43,Royal Canin Maxi Light Adult Dog Food,royal-canin-maxi-light-adult-dry-dog-food
44,Royal Canin Maxi Digestive Care Adult Dog Food,royal-canin-maxi-digestive-care-adult-dry-dog-food
45,Royal Canin Maxi Mother and Babydog Starter Dog Food,royal-canin-mother-babydog-maxi-starter-dry-dog-food
46,Royal Canin Medium 7+ Adult Dog Food,royal-canin-medium-7-adult-dry-dog-food
47,Royal Canin Medium Adult Dog Food,royal-canin-medium-adult-dry-dog-food
48,Royal Canin Medium Mother and Babydog Starter Dog Food,royal-canin-mother-babydog-medium-starter-dry-dog-food
49,Royal Canin Medium Digestive Care Dog Food,royal-canin-medium-digestive-care-dry-dog-food
50,Royal Canin Medium Light Weight Care Adult Dog Food,royal-canin-medium-light-adult-dry-dog-food
51,Royal Canin Medium Puppy Food,royal-canin-medium-junior-puppy-dry-dog-food
52,Royal Canin Beagle Adult Dog Food,royal-canin-beagle-adult-dry-dog-food
53,Royal Canin Boxer Adult Dog Food,royal-canin-boxer-adult-dry-dog-food
54,Royal Canin Junior Boxer Dog Food,royal-canin-boxer-junior-puppy-dry-dog-food
55,Royal Canin Bulldog Adult Dog Food,royal-canin-bulldog-adult-dry-dog-food
56,Royal Canin Junior Bulldog Dog Food,royal-canin-bulldog-junior-puppy-dry-dog-food
57,Royal Canin Chihuahua Adult Dog Food,royal-canin-chihuahua-adult-dry-dog-food
58,Royal Canin Junior Chihuahua Dog Food,royal-canin-chihuahua-junior-puppy-dry-dog-food
59,Royal Canin Cocker Adult Dog Food,royal-canin-cocker-dry-dog-food
60,Royal Canin Junior Cocker Dog Food,royal-canin-cocker-junior-puppy-dry-dog-food
61,Royal Canin Dalmatian Adult Dog Food,royal-canin-dalmatian-adult-dry-dog-food
62,Royal Canin Junior Dalmatian Dog Food,royal-canin-dalmatian-junior-puppy-dry-dog-food
63,Royal Canin Dachshund Adult Dog Food,royal-canin-dachshund-adult-dry-dog-food
64,Royal Canin Junior Dachshund Dog Food,royal-canin-dachshund-junior-puppy-dry-dog-food
65,Royal Canin French Bulldog Adult Dog Food,royal-canin-french-bulldog-adult-dry-dog-food
66,Royal Canin German Shepherd Adult Dog Food,NULL
67,Royal Canin Junior German Shepherd Dog Food,royal-canin-german-shepherd-junior-puppy-dry-dog-food
68,Royal Canin Golden Retriever Adult Dog Food,royal-canin-golden-retriever-adult-dry-dog-food
69,Royal Canin Junior Golden Retriever Dog Food,royal-canin-golden-retriever-junior-puppy-dry-dog-food
70,Royal Canin Great Dane Adult Dog Food,royal-canin-great-dane-adult-dry-dog-food
71,Royal Canin Jack Russell Terrier Adult Dog Food,royal-canin-jack-russell-adult-dry-dog-food
72,Royal Canin Junior Jack Russell Dog Food,royal-canin-jack-russell-junior-puppy-dry-dog-food
73,Royal Canin Labrador Retriever Adult Dog Food,royal-canin-labrador-retriever-adult-dry-dog-food
74,Royal Canin Junior Labrador Retriever Dog Food,royal-canin-labrador-retriever-junior-puppy-dry-dog-food
75,Royal Canin Miniature Schnauzer Adult Dog Food,royal-canin-miniature-schnauzer-adult-dry-dog-food
76,Royal Canin Junior Miniature Schnauzer Dog Food,royal-canin-miniature-schnauzer-junior-puppy-dry-dog-food
77,Royal Canin Poodle Adult Dog Food,royal-canin-poodle-adult-dry-dog-food
78,Royal Canin Junior Poodle Dog Food,royal-canin-poodle-junior-puppy-dry-dog-food
79,Royal Canin Pug Adult Dog Food,royal-canin-pug-adult-dry-dog-food
80,Royal Canin Junior Pug Dog Food,royal-canin-pug-junior-puppy-dry-dog-food
81,Royal Canin Rottweiler Adult Dog Food,royal-canin-rottweiler-adult-dry-dog-food
82,Royal Canin Junior Rottweiler Dog Food,royal-canin-rottweiler-junior-puppy-dry-dog-food
83,Royal Canin Shih Tzu Adult Dog Food,royal-canin-shi-tzu-adult-dry-dog-food
84,Royal Canin Junior Shih Tzu Dog Food,royal-canin-shih-tzu-junior-puppy-dry-dog-food
85,Royal Canin Yorkshire Terrier Adult Dog Food,royal-canin-yorshire-terrier-adult-dry-dog-food
86,Royal Canin Junior Yorkshire Terrier Dog Food,royal-canin-yorkshire-terrier-junior-puppy-dry-dog-food
87,Royal Canin Digest Sensitive Adult Wet Cat Food,royal-canin-digest-sensitive-adult-wet-cat-food-9-pouch
88,Royal Canin Instinctive Adult Wet Cat Food +7,royal-canin-instinctive-adult-wet-cat-food-7-pouch
89,Royal Canin Instinctive in Gravy Adult Wet Cat Food,royal-canin-instinctive-12-in-adult-wet-cat-food-gravy
90,Royal Canin Intense Beauty Adult Wet Cat Food Pouch,royal-canin-intense-beauty-12-adult-wet-cat-food-
91,Royal Canin Ultra Light 10 Adult Wet Cat Food Pouch,royal-canin-ultra-light-10-adult-wet-cat-food-
94,Royal Canin Instinctive in Jelly Adult Wet Cat Food,royal-canin-instinctive-in-adult-wet-cat-food-jelly
95,Royal Canin Sterilised Adult Wet Cat Food,royal-canin-adult-wet-cat-food-sterilised
96,Royal Canin Ageing +12 Wet Cat Food Pouch,royal-canin-ageing-12-adult-wet-cat-food-
105,Royal Canin X-Small Puppy Food,royal-canin-xsmall-junior-dog-food
106,Royal Canin X-Small Adult Dog Food,royal-canin-xsmall-adult-dog-food
107,Royal Canin X-Small Ageing 12+ Dog Food,royal-canin-adult-12plus-ageing-dog-food
110,Royal Canin Adult Maxi Light Weight Care Dog Food,royal-canin-maxi-light-weight-care
117,(Short Expiry) Royal Canin Giant Mother & Babydog Starter Dog Food - 4kg,short-expiry-starter-giant
118,(Short Expiry) Royal Canin Great Dane Adult Dog Food,royal-canin-great-dane-dog-food-short-expiry
119,(Short Expiry) Royal Canin Junior Chihuahua Dog Food,royal-canin-chihuahua-junior-short-expiry
121,(Short Expiry) Royal Canin Digest Sensitive Adult Wet Cat Food,short-expiry-digest-sensitive-cat-food
122,(Short Expiry) Royal Canin Cocker Dog Food,short-expiry-cocker-dog-food
123,Eukanuba Adult Large Breed Dog Food,eukanuba-adult-large-breed-dog-food
124,Eukanuba Adult Large Breed Dog Food - Lamb & Rice,eukanuba-adult-large-breed-dry-dog-food-lamb-rice
125,Eukanuba Adult Medium Breed Dog Food,eukanuba-adult-medium-breed-dry-dog-food-chicken
126,Eukanuba Adult Small and Medium Breed Dog Food - Lamb & Rice,eukanuba-small-and-medium-adult-lamb-rice
127,Eukanuba Adult Small Breed Dog Food,eukanuba-adult-small-breed-dry-dog-food-chicken
128,Eukanuba Adult Large Breed Weight Control Dog Food ,eukanuba-adult-large-breed-weight-control-dog-food-chicken
129,Eukanuba Adult Small and Medium Breed Weight Control Dog Food,eukanuba-adult-small-and-medium-breed-weight-control-dog-food-chicken
130,Eukanuba Premium Performance Working and Endurance Adult Dog Food ,eukanuba-premium-performance-working-and-endurance-adult-dog-food
131,Eukanuba Daily Care Sensitive Joints Adult Dog Food,eukanuba-daily-care-sensitive-joints-adult-dog-food
132,Eukanuba Daily Care Sensitive Skin Adult Dog Food,eukanuba-sensitive-skin-daily-care-adult-dry-dog-food
133,Eukanuba Senior All Breeds Dog Food - Lamb & Rice,eukanuba-senior-all-breeds-dry-dog-food-lamb-rice
134,Eukanuba Senior Large Breed Dog Food,eukanuba-senior-large-breed-dry-dog-food-chicken
135,Eukanuba Senior Medium Breed Dog Food,eukanuba-senior-medium-breed-dry-dog-food-chicken
136,Eukanuba Senior Small Breed Dog Food,eukanuba-senior-small-breed-dry-dog-food-chicken
137,Eukanuba Large Breed Puppy Food,eukanuba-large-breed-puppy-dry-dog-food-chicken
138,Eukanuba Medium Breed Puppy Food,eukanuba-medium-breed-puppy-dry-dog-food-chicken
139,Eukanuba Small Breed Puppy Food,eukanuba-small-breed-puppy-dry-dog-food-chicken
140,Eukanuba Small and Medium Breed Puppy Food - Lamb & Rice,eukanuba-small-and-medium-breed-puppy-lamb-and-rice-dog-food
141,Eukanuba Dermatosis F.P. Dog Food,eukanuba-veterinary-diets-dermatosis-fp-dry-dog-food
142,Eukanuba Restricted Calorie Biscuits,NULL
158,Iams Kitten Chicken Wet Cat Food Healthy Pouch,iams-healthy-kitten-wet-cat-food-chicken
159,Iams Mature & Senior Chicken Wet Cat Food Healthy Pouch,iams-healthy-mature-senior-wet-cat-food-chicken
160,Iams Adult Chicken Wet Cat Food Healthy Pouch,iams-healthy-adult-wet-cat-food-chicken
161,Iams Adult Ocean Fish Wet Cat Food Healthy Pouch,iams-healthy-adult-wet-cat-food-ocean-fish
162,Iams Adult Salmon Wet Cat Food Healthy Pouch,iams-healthy-adult-wet-cat-food-salmon
163,Iams Adult Tuna in Jelly Wet Cat Food Healthy Pouch,iams-healthy-adult-wet-cat-food-tuna-in-jelly
187,Royal Canin Hepatic Adult Dog Food,royal-canin-hepatic-adult-dry-dog-food
189,Royal Canin Gastro Intestinal Moderate Calorie GIM 23 Adult Dog Food,royal-canin-gastro-intestinal-moderate-calorie-gim-adult-dry-dog-food
191,Royal Canin Gastro Intestinal Low Fat LF 22 Adult Dog Food,royal-canin-gastro-intestinal-low-fat-lf-adult-dry-dog-food
192,Royal Canin Gastro Intestinal Junior Dog Food,royal-canin-gastro-intestinal-junior-dry-adult-dry-dog-food
193,Royal Canin Gastro Intestinal Adult Dog Food,royal-canin-gastro-intestinal-gi25-adult-dry-dog-food
194,Royal Canin Fibre Response Adult Dog Food,royal-canin-fibre-response-fr23-adult-dry-dog-food
195,Royal Canin Cardiac Adult Dog Food,royal-canin-cardiac-adult-dry-dog-food
197,Royal Canin Anallergenic Adult Dog Food,royal-canin-anallergenic-adult-dry-dog-food
198,Royal Canin Diabetic DS37 Adult Dog Food,royal-canin-diabetic-ds-adult-dry-dog-food
201,Royal Canin Urinary U/C Low Purine Adult Dog Food,royal-canin-urinary-uc-low-purine-adult-dry-dog-food
202,Royal Canin Hypoallergenic DR 21 Adult Dog Food,royal-canin-hypoallergenic-dr21-adult-dry-dog-food
203,Royal Canin Hypoallergenic HME 23 Moderate Calorie Adult Dog Food,royal-canin-hypoallergenic-hme23-moderate-calorie-adult-dry-dog-food
204,Royal Canin Mobility Larger Dogs Adult Dog Food,royal-canin-mobility-larger-dogs-adult-dry-dog-food
205,Royal Canin Mobility Adult Dog Food,royal-canin-mobility-adult-dry-dog-food
206,Royal Canin Obesity Management Adult Dog Food,royal-canin-obesity-management-adult-dry-dog-food
209,Royal Canin Satiety Support Weight Management Adult Dog Food,royal-canin-satiety-support-weight-management-adult-dry-dog-food
211,Royal Canin Sensitivity Control  Adult Dog Food,royal-canin-sensitivity-control-sc21-adult-dry-dog-food
212,Royal Canin Skin Care SK 23 Adult Dog Food,royal-canin-skin-care-adult-sk23-adult-dry-dog-food
213,Royal Canin Skin Care Small Adult Dog Food,royal-canin-skin-care-adult-small-sks25-adult-dry-dog-food
214,Royal Canin Skin Care Junior Small SKJ 29 Dog Food,royal-canin-skin-care-junior-small-puppy-food
215,Royal Canin Skin Support SS 23 Adult Dog Food,royal-canin-skin-support-ss23-adult-dry-dog-food
216,Royal Canin Weight Control DS 30 Adult Dog Food,royal-canin-weight-control-ds30-adult-dry-dog-food
286,Catnip Mice Chew Toys for Cats,mcmac-catnip-chew-mice
287,Catnip Chew Ring Toys for Cats,petstages-catnip-chew-ring
288,Laser Fun Toy for Cats,petstages-laser-fun
289,Cheese Chase Toy for Cats,petstages-cheese-chase
290,Orkakat Catnip Infused Mice Toys for Cats,mcmac-orka-catnip-infused-mouse
291,Orkakat Wiggle Worm Toy for Cats,mcmac-orka-cat-wiggle-worm
292,Easy Life Scratch Hammock for Cats,petstages-easy-life-scratch-hammock
293,Green Magic Mighty Mouse Toy for Cats,petstages-green-magic-mighty-mouse
294,Fresh Breath Mint Stick Toy for Cats,petstages-fresh-breath-mint-stick
295,"Scratch, Snuggle & Rest Cat Scratcher",petstages-scratch-snuggle-rest
301,Catnip Foil Bag 40G,mcmac-catnip-foil-bag-g
311,Nature's Gift Love Bites Cat Treats Seafood or Chicken,natures-gift-love-cat-food
339,Milko-Pup Milk Replacer/Supplement For Puppies And Dogs,kyron-milko-pup-milk-replacersupplement-for-puppies-and-dogs
428,Iams Adult Fish Multipack Combo Wet Cat Food,iams-adult-fish-multipack-pouch
450,SlimCat Interactive Cat Feeder Ball,slimcat-feeder-ball
467,Royal Canin Renal Adult Dog Food,NULL
468,Royal Canin Dental Small Adult Dog Food ,NULL
527,Vets Choice Large and Giant Breed Puppy Dog Food,vets-choice-large-giant-breed-puppy-dry-food
528,Vets Choice Large and Giant Breed Adult Dog Food,vets-choice-adult-large-breed
529,Vets Choice All Breeds Adult Superior Dog Food,vets-choice-adult-superior-dry-dog-food
563,Vets Choice All Breeds Adult Lite Dog Food,vets-choice-lite-all-breed-dogs
583,Catit Senses Super Circuit Cat Playstation,catit-sense-super-circuit
586,Kong Buzzies Birds Toys for Cats ,kong-buzzies-bird-cat-toy
603,Scratch & Play 2-Tiered Cat Scratching Post,scratch-play-2-tiered-cat-scratching-post
614,Earthborn Holistic Coastal Catch Adult Dog Food,earthborn-holistic-coastal-catch-dog-food
615,Earthborn Holistic Primitive Natural Adult Dog Food,earthborn-primitive-natural-dog-food
620,Solar Flare Cat Scratching Post,solar-flare-cat-scratching-post
621,Catit Elevated Speed Circuit,NULL
624,Moon of Jupiter Cat Scratcher,moon-of-jupiter-cat-scratcher
629,Catit Illuminated Balls,NULL
636,Kunduchi Catnip Spray,kunduchi-catnip-spray
638,Maxhealth Adult Small Bites Dog Food for Small Dogs,maxhealth-small-bites-adult-dog-food-for-small-dogs
639,Maxhealth Adult Regular Bites for Medium and Large Dogs,NULL
659,Kunduchi Super Grass,kunduchi-super-grass-for-cats
672,FroliCat Bolt Cat Laser Toy,frolicat-bolt-laser-toy-for-cats
677,Cuddle Toy for Cats,petstages-cuddle-toy-for-cats
683,Crunch and Wrestle Fish Cat Toy,crunch-and-wrestle-fish-cat-toy
685,Healthy Centres Cat Treats,health-centres-cat-treats
699,Hemp Heart Cushion with Valerian Cat Toy,heart-cushion-valerian-cat-toy
702,Healthy Bites Hairball Remedy Cat Treats,healthy-bites-hairball-remedy-treats-for-cats
711,Refillable Catnip Beaver Cat Toy,gigwi-refillable-catnip-cat-toy
717,V-Playstation for Cats,vesper-v-playstation-for-cats
718,V-Box Cat Furniture - Small,vesper-vbox-cat-furniture-small
741,Melody Chaser Cat Toy,melody-chaser-cat-toy
742,Pet Droid Activity Mouse,pet-droid-activity-mouse-cat-toy
743,Go Buggy Catnip Cat Toy,go-buggy-catnip=cat=toy
744,Purple Purr Pillow Cat Toy and Friend,purr-pillow-cat-toy
745,Easy Life Hammock Cat Scratcher,easy-life-hammock-cat-scratcher
752,Natura Roll and Ball Cat Toy,natura-roll-and-ball-catnip-infused-cat-toy
753,Natura Feather Wand Cat Toy,natura-feather-wand-cat-toy
754,Natura Mouse Wand Cat Toy,natura-mouse-wand-cat-toy
755,Etna Cat Furniture and Scratcher Ball,etna-cat-furniture-and-scratcher-ball
756,Ararat Cat Furniture,ararat-cat-furniture-and-scratcher
770,Catit Fireball Motion Activated Illuminating Cat Ball,catit-fireball-illuminating-cat-ball-toy
776,Catit Food Tree for Cats,catit-food-tree
790,Scratch and Lounge Cat Scratcher,lounge-cat-scratcher
804,Squirrel Catnip Cat Toys,gigwi-squirrel-cat-toy
808,Feather Hider Pet Droid Cat Toy,feather-hider-cat-toy
819,Natura Dumbbell Cat Toys,natura-cat-dumbbell-toys
862,Sheba Wet Cat Treat,sheba-wet-cat-treat
872,Catnip Chaser Cat Toy,catnip-chaser-cat-toy
879,Royal Canin Satiety Small Breed Dog Food,royal-canin-satiety-small-dog
891,TeePee Cat Scratcher,teepee-cat-scratcher
892,Chaise Cat Scratcher,chaise-cat-scratcher
893,Catnap and Scratch Bed for Cats,catnap-and-scratch-cat-bed
916,Catit Treat Spinner for Cats,catit-treat-spinner
925,(Short Expiry) Vets Choice All Breeds Adult Lite Dog Food,short-expiry-vets-choice-lite
985,(Short Expiry) Royal Canin Cardiac Adult Dog Food,short-expiry-cardiac-canine
988,Kitty Crunch Cat Treats,kitty-crunch-cat-treats
1012,Silvervine Plush Balls Cat Toy,silvervine-balls-cat-toy
1013,Silvervine Stuffed Animal Cat Toy,silvervine-stuffed-cat-toy
1014,Silvervine Seagrass Animal Cat Toy,silvervine-seagrass-cat-toy
1015,Silvervine Plush Mice Cat Toy,silvervine-mice-cat-toy
1016,Silvervine Twitchy Teaser Cat Wand,twitchy-teaser-cat-wand
1017,Grumpy Cat Plush Doorknob Hanger Cat Toy,plush-doorknob-cat-hanger
1018,Grumpy Cat Hair Ball Cat Toy,hair-ball-cat-toy
1019,Fluffy Grumpy Cat Toy ,fluffy-grumpy-cat-toy
1020,Grumpy Cat Blind Mouse Cat Toy,blind-mouse-cat-toy
1021,Grumpy Cat Annoying Plush Cat Wand Toy,annoying-plush-cat-wand
1022,Jolly Moggy Natural Catnip Mini Mice Cat Toys,catnip-mini-mice-cat-toys
1023,Jolly Moggy Natural Feather Teaser Cat Wand,feather-teaser-cat-wand
1024,Jolly Moggy Cat Tunnel Cat Toy,cat-tunnel-cat-toy
1025,Jolly Moggy Cheeky Mouse Cat Toy,cheeky-mouse-cat-toy
1026,Jolly Moggy Vibromouse Cat Toy,vibromouse-cat-toy
1027,Silvervine Teasin Tail Cat Wand Toy,teasing-tail-cat-wand
1028,Grumpy Cat Catfish Cat Wand,catfish-cat-wand
1032,Coriander Natural Cat Scratcher,coriander-natural-cat-scratcher
1033,Bamboo Cat Tower Cat Bed,cat-tower-cat-bed
1034,Bamboo Cat Pod & Bed,cat-pod-and-cat-bed
1064,Pawsecco Wine Gift Set For Dogs & Cats,pawsecco-gift-set-dog-cat-wine-treat
1065,Pawsecco Rose Wine For Dogs & Cats,pawsecco-wine-dog-cat-treat
1070,Crinkle Catnip Snowman For Cats,crinkle-catnip-snowman-cat-toy
1071,Crinkle Catnip Gingerbread For Cats,crinkle-catnip-gingerbread-cat-toy
1072,Grumpy Cat Christmas LED Lights Cat Wand,christmas-led-lights-cat-wand
1073,Grumpy Reindeer Ball Cat Toy,reindeer-ball-cat-toy
1118,3-in-1 Catit Circuit Ball with Scratcher Cat Toy,circuit-ball-with-scratcher-cat-toy
1119,3-in-1 Circuit Ball with Catnip Massager Cat Toy,circuit-ball-with-catnip-massager-cat-toy
1120,3-in-1 Catit Circuit Ball with Cat Grass Cat Toy,circuit-ball-with-cat-grass-cat-toy
1123,(Short Expiry) Royal Canin Anallergenic Adult Dog Food,short-expiry-anallergenic-dog-food
1142,Valley View Catnip ,valley-view-catnip
1176,Vigo Cat Scratcher,vigo-cat-scratcher
1177,Toronto Cat Scratcher,toronto-cat-scratcher
1183,(Short Expiry) Royal Canin Skin Care Small Adult Dog Food,short-expiry-skin-care-small-dog
1189,Whiskas Trio Crunchy Cat Treats,whiskas-trio-cat-treats
1190,Whiskas DentaBites Cat Treats,whiskers-denta-bites-cat-treats
1195,Maxhealth Puppy Junior Dog Food,maxhealth-puppy-junior-dog-food
1209,Ultra Dog Weight Control Dog Food,ultra-dog-weight-control-dog-food
1216,SuperWoof Adult Large Breed Dog Food - Chicken & Rice,superwoof-large-breed-chicken-and-rice-dog-food
1217,SuperWoof Adult Small & Medium Breed Dog Food  - Beef & Rice,superwoof-adult-small-and-medium-breed-dog-food-beef-and-rice
1218,SuperWoof Adult Large Breed Dog Food - Beef & Rice,superwoof-adult-large-breed-dog-food-beef-and-rice
1220,SuperWoof Adult Small & Medium Breed Dog Food - Turkey & Rice,superwoof-adult-small-and-medium-breed-dog-food-turkey-and-rice
1224,Paw Breakers Catnip Cat Treat and Toy,paw-breakers-cat-treat-and-toy
1226,Field & Forest Small Breed Puppy Food - Turkey & Duck,field-and-forest-small-breed-puppy-food
1227,Field & Forest Large Breed Puppy Food - Turkey & Duck,field-and-forest-large-breed-puppy-food
1228,Field & Forest Adult All Breed Dog Food - Game & Lamb,field-and-forest-game-and-lamb-dog-food
1229,Field & Forest Adult All Breed Dog Food - Salmon & Tuna,field-and-forest-salmon-and-tuna-dog-food
1230,Field & Forest Adult All Breed Dog Food - Turkey & Duck,field-and-forest-turkey-and-duck-dog-food
1247,Acana Singles Yorkshire Pork Dog Food,acana-singles-pork-dog-food
1248,Ultra Dog Joint Health Adult Dog Food,ultra-dog-joint-health-adult-dog-food
1249,Ultra Dog Hypo-Allergenic Dog Food,ultra-dog-hypo-allergenic-dog-food
1250,Ultra Dog Premium Adult Large Breed Dog Food,ultra-dog-premium-large-breed-adult-dog-food
1251,Ultra Dog Premium Large Breed Puppy Food,ultra-dog-premium-large-breed-puppy-food
1252,Ultra Dog Premium Small & Medium Breed Puppy Food,ultra-dog-premium-small-and-medium-breed-puppy-food
1253,Ultra Dog Premium Adult Small & Medium Breed Dog Food,ultra-dog-premium-small-and-medium-breed-adult-dog-food
1258,Nandi Freeze Dried Fish Cat Treats,freeze-dried-fish-cat-treat
1267,Acana Free-Run Duck Dog Food,acana-singles-duck-dog-food
1269,Acana Grass-Fed Lamb Dog Food,acana-singles-lamb-dog-food
1270,Acana Prairie Poultry Dog Food,acana-classics-poultry-dog-food
1271,Acana Wild Coast Dog Food,acana-classics-wild-coast-dog-food
1272,Acana Heritage Adult Dog Food ,acana-heritage-dog-food
1273,Acana Heritage Adult Small Breed Dog Food,acana-heritage-small-breed-dog-food
1274,Acana Heritage Adult Large Breed Dog Food,acana-heritage-large-breed-dog-fod
1275,Acana Heritage Senior Dog Food,acana-heritage-senior-dog-food
1276,Acana Heritage Large Breed Puppy Food,acana-heritage-large-breed-puppy-food
1277,Acana Adult Light And Fit Dog Food,acana-heritage-fit-and-light-dog-food
1278,Acana Regionals Pacifica Dog Food ,acana-regionals-pacifica-dog-food
1279,Acana Wild Prairie Dog Food,acana-regionals-wild-prairie-dog-food
1298,Pawsecco Freeze-Pops For Dogs & Cats ,pawsecco-popsicle-pet-treats
1299,Karoo Senior or Overweight All Breed Dog Food,montego-karoo-senior-dog-food
1300,Winter Warmer Cat Toy - 3 Piece,winter-warmer-cat-toy-set
1301,Grumpy Cat Plush Reindeer Mouse Cat Toy,grumpy-cat-reindeer-mouse-cat-toy
1304,ZaKatz Cat Tunnel Cat Toy,zakatz-cat-tunnel-cat-toy
1305,ZaKatz 3-Way Cat Tunnel Cat Toy,zakatz-triple-cat-tunnel-cat-toy
1311,Orijen Original Freeze-Dried Cat Treats,orijen-original-freeze-dried-cat-treats
1312,Orijen Six Fish Freeze-Dried Cat Treats,orijen-fish-freeze-dried-cat-treats
1313,Orijen Freeze-Dried Cat Treats - Wild Boar,orijen-wild-boar-freeze-dried-cat-treats
1314,Orijen Freeze-Dried Dog Food - Original,orijen-original-freeze-dried-dog-food
1315,Acana Heritage Puppy & Junior Food,acana-junior-and-puppy-food
1316,Acana Heritage Small Breed Puppy Food,acana-heritage-small-breed-puppy-food
1320,Acana Heritage Sport And Agility Dog Food,acana-sport-and-agility-dog-food
1321,Acana Singles Dog Food - Pacific Pilchard,acana-singles-pacific-pilchard-dog-food
1327,Karoo Adult All Breed Dog Food,montego-karoo-adult-dog-food
1328,Karoo Small and Medium Breed Puppy Food,montego-karoo-small-medium-breed-puppy-food
1329,Karoo Large and Giant Breed Puppy Food,montego-karoo-large-giant-breed-puppy-food
